id,type,topic,subtopic,difficulty,stem_or_prompt,optionA,optionB,optionC,optionD,correctIndex,marks,explanation,markingGuideline
MCQ-001,mcq,NCC_Fire,TypeOfConstruction,medium,"You are constructing a four storey Class 6 shopping centre with a rise in storeys of 4. According to NCC Volume One, what is the minimum Type of construction required?",Type A,Type B,Type C,"Any type, subject to performance solution",0,1,"For a Class 6 building of four storeys, NCC Volume One Table C2D2 requires Type A construction as the building exceeds three storeys.",
MCQ-002,mcq,Act_Permits,RBSResponsibilities,easy,"Under the Building Act 1993, who is responsible for issuing a building permit for commercial building work?",The Victorian Building Authority,A relevant building surveyor,The registered commercial builder,The municipal council,1,1,A relevant building surveyor (either private or municipal) is responsible for issuing building permits under the Building Act 1993.,
MCQ-003,mcq,Regs_Inspections,MandatoryNotifications,medium,You are the Commercial Builder on a Class 5 office building. When must you notify the relevant building surveyor about reaching a mandatory notification stage?,Within 24 hours after completing that stage,Before commencing work at that stage,"At the stage, ready for inspection",Within 48 hours of the RBS requesting inspection,2,1,"Under Building Regulations 2018, builders must notify the RBS when work has reached a mandatory notification stage and is ready for inspection, not before or after.",
MCQ-004,mcq,NCC_Egress,TravelDistance,hard,"In a three storey Class 5 office building, what is the maximum travel distance from any point on a floor to an exit, or to a point from which travel in different directions to two exits is available?",6 metres to a single exit,"20 metres to a choice point, then up to 60 metres to one exit","20 metres to a choice point, then up to 40 metres to one exit",30 metres to a single exit if at ground floor level,2,1,"For Class 5 buildings, NCC D2D5 requires no point to be more than 20m from an exit or choice point, and if to a choice point, then maximum 40m to one of those exits.",
MCQ-005,mcq,Business_FitProper,RegistrationScope,medium,A Commercial Builder (Medium Rise) registration in Victoria permits construction of commercial buildings up to what effective height?,15 metres,20 metres,25 metres,30 metres,2,1,Commercial Builder (Medium Rise) registration permits construction of commercial buildings up to 25 metres in height in Victoria.,
MCQ-006,mcq,Structure_Slabs,Excavation,medium,"As a Commercial Builder (Medium Rise), what is the maximum depth of bulk excavations you are permitted to undertake under your registration?",No depth limitation applies,3 metres,5 metres,6 metres,1,1,"Commercial Builder (Medium Rise) registration limits bulk excavations to 3 metres in depth, including vertical cuts and site batters.",
MCQ-007,mcq,NCC_Fire,FireCompartments,hard,You are designing a Class 6 retail building of Type B construction. What is the maximum floor area permitted for a single fire compartment according to NCC Volume One?,2000 square metres,3000 square metres,4000 square metres,5000 square metres,1,1,"For a Class 6 building of Type B construction, NCC Table C2D7 permits a maximum fire compartment size of 3000 square metres.",
MCQ-008,mcq,Regs_ProtectionWork,ProtectionWorkDetermination,hard,"Under Building Regulations 2018, who has the authority to determine whether protection work is required for proposed building work?",The building owner,The registered commercial builder,The relevant building surveyor,The municipal building surveyor only,2,1,"Under Regulation 111 of the Building Regulations 2018, the relevant building surveyor determines whether protection work is required.",
MCQ-009,mcq,Act_Enforcement,BuildingOrders,medium,"Under the Building Act 1993, what is the primary purpose of a building order?",To grant a building permit variation,To require the rectification of non-compliant building work,To approve a performance solution,To register essential safety measures,1,1,Building orders under the Building Act 1993 are enforcement tools used to require rectification of non-compliant building work.,
MCQ-010,mcq,NCC_Fire,FRL,medium,An FRL rating of 120/120/120 indicates fire resistance requirements for which three performance criteria in order?,"Structural adequacy, integrity, insulation","Insulation, integrity, structural adequacy","Integrity, insulation, structural adequacy","Structural adequacy, insulation, integrity",0,1,"FRL ratings are expressed as structural adequacy / integrity / insulation, all measured in minutes.",
MCQ-011,mcq,Regs_Permits,PermitDocumentation,easy,"Under Building Regulations 2018, a building permit must specify which of the following?",The tender price for the works,The mandatory notification stages,The names of all subcontractors,The construction insurance policy number,1,1,Regulation 171 requires that building permits must specify the mandatory notification stages applicable to the work.,
MCQ-012,mcq,NCC_Egress,FireIsolatedStairs,medium,"According to NCC Volume One, when is a stairway serving as a required exit in a Class 5 building required to be fire-isolated?",In all cases regardless of building height,When it connects more than two storeys,Only when the building exceeds four storeys,"When it connects more than one storey, with limited exceptions",3,1,"NCC D2D4 requires stairways in Class 5 buildings to be fire-isolated when connecting more than one storey, with specific exceptions outlined in the provision.",
MCQ-013,mcq,Safety_HRW,SWMS,medium,For which of the following high-risk construction work activities is a Safe Work Method Statement (SWMS) legally required?,Installing suspended ceiling tiles below 2 metres,Concreting ground floor slabs,Work on a structure at height exceeding 2 metres,Installing electrical conduits at ground level,2,1,"Under WHS regulations, SWMS are required for high-risk construction work including work at heights exceeding 2 metres.",
MCQ-014,mcq,Act_Permits,OwnerBuilder,medium,"Under the Building Act 1993, what is the maximum value threshold for domestic building work that an owner-builder may undertake with a Certificate of Consent?","$12,000","$16,000",There is no specific value limit,"$50,000",2,1,"While owner-builder certificates have various restrictions, there is no specific dollar value limit for domestic building work under the Building Act 1993, though other eligibility requirements apply.",
MCQ-015,mcq,NCC_Health,NaturalLight,medium,"According to NCC Volume One, which building class has specific requirements for natural light to habitable rooms?",Class 5 office buildings,Class 6 shops,Class 3 boarding houses,Class 7 warehouses,2,1,Class 3 buildings have specific NCC requirements for natural light to habitable rooms as they are residential accommodation buildings.,
MCQ-016,mcq,Structure_Steel,SteelFrameConnections,medium,"During construction of a steel-framed Class 6 building, you notice bolt holes in a structural steel connection have been enlarged beyond the specified tolerance. What is the most appropriate immediate action?",Proceed with larger diameter bolts,Stop work and consult the structural engineer,Fill the oversized holes with weld metal,Use additional washers to compensate,1,1,Any deviation from structural steel connection specifications requires consultation with the structural engineer as it may affect structural adequacy.,
MCQ-017,mcq,Regs_Inspections,LightweightConstruction,hard,Regulation 172 of Building Regulations 2018 requires additional mandatory inspections for which specific building elements in Class 2 and 3 buildings?,All external wall cladding,Lightweight construction fire-resisting elements in each storey,All plumbing penetrations through floors,Window and door installation,1,1,"Regulation 172 specifically requires mandatory inspections of lightweight construction elements required to resist fire spread, including in stair shafts, lift shafts, and service shafts.",
MCQ-018,mcq,NCC_Fire,Classifications,easy,"A three-storey building containing offices on levels 1 and 2, and shops at ground floor level, is classified under NCC as:",Wholly Class 5,Wholly Class 6,A multi-classified building containing Class 5 and Class 6 parts,A Class 9b building,2,1,"The building contains both Class 5 (office) and Class 6 (shop) uses, making it a multi-classified building.",
MCQ-019,mcq,Act_Enforcement,Offences,medium,"Under the Building Act 1993, carrying out building work requiring registration without appropriate registration is:",A civil matter only between parties,An administrative breach requiring correction,An offence that may result in prosecution,Acceptable if supervised by a registered practitioner,2,1,"Section 169D of the Building Act 1993 creates offences for unregistered building work, which may result in prosecution and penalties.",
MCQ-020,mcq,Regs_ESM,MaintenanceRequirements,medium,"Under Building Regulations 2018, who is responsible for ensuring essential safety measures are maintained in accordance with the occupancy permit?",The original builder,The building owner,The municipal building surveyor,The building occupier or tenant,1,1,Building Regulations 2018 place the responsibility for maintenance of essential safety measures on the building owner.,
MCQ-021,mcq,NCC_Egress,ExitWidth,hard,"You are designing egress for a Class 6 shopping center with an occupancy of 400 people on one level. What minimum aggregate exit width is required, assuming standard conditions?",2000 millimetres,3000 millimetres,4000 millimetres,5000 millimetres,2,1,"NCC requires approximately 10mm of exit width per person for Class 6 buildings. For 400 people, this equals 4000mm minimum aggregate width.",
MCQ-022,mcq,Structure_Slabs,ConcreteInspection,medium,At what stage must the relevant building surveyor be notified for inspection before pouring an in-situ reinforced concrete slab?,After reinforcement is delivered to site,When reinforcement is fixed and formwork is complete,Within 24 hours after pouring,When concrete curing is complete,1,1,"Mandatory notification must occur when work is ready for inspection - i.e., when reinforcement is fixed, formwork complete, and before pouring.",
MCQ-023,mcq,Safety_HRW,CraneOperations,medium,"On a commercial construction site, what is required before a tower crane can be erected and operated?",Only the crane operator's high risk work license,A construction permit from the local council,"Engineering certification, lift plan, and operators must hold appropriate high risk work licenses",Approval from WorkSafe Victoria only,2,1,"Tower crane operations require engineering certification for the crane design and installation, a detailed lift plan, and operators must hold appropriate high risk work licenses. WorkSafe notification may also be required.",
MCQ-024,mcq,Business_FitProper,Scope,hard,A Commercial Builder (Medium Rise) is asked to undertake fit-out works on the 5th floor of an 18-storey Class 5 building. Can they lawfully perform this work under their registration?,"Yes, as the fit-out is non-structural work","Yes, if the fit-out value is under a threshold amount","No, the overall building height exceeds 25 metres","Yes, if supervised by an unlimited commercial builder",2,1,"Commercial Builder (Medium Rise) registration is limited by overall building height. Even for fit-out work, if the building exceeds 25m in height, it is outside the scope of medium-rise registration.",
MCQ-025,mcq,NCC_Fire,RiseInStoreys,medium,"A building has a basement carpark 1.5 metres below natural ground level, ground floor retail, and two office levels above. What is the rise in storeys for NCC fire resistance purposes?",3 storeys (basement is excluded),3 storeys (only if basement is sprinklered),4 storeys (basement is included),2 storeys (only above-ground storeys count),2,1,"NCC includes a basement storey in rise in storeys calculation when more than 1 metre of that storey is above natural ground level. Here, with 1.5m above ground, the basement counts, giving rise in storeys of 4.",
MCQ-026,mcq,Regs_Permits,PermitLapse,medium,"Under Building Regulations 2018, when does a building permit generally lapse if building work has not commenced?",6 months from the date of issue,12 months from the date of issue,24 months from the date of issue,Only when the relevant building surveyor cancels it,1,1,"Building permits generally lapse 12 months from the date of issue if building work has not commenced, though extensions may be granted.",
MCQ-027,mcq,Act_Permits,PermitRequirement,easy,"For non-domestic building work in Victoria, above what value is a building permit required?","$5,000","$10,000","$12,000","$16,000",1,1,"Under the Building Act 1993, a building permit is required for non-domestic building work exceeding $10,000 in value.",
MCQ-028,mcq,NCC_Health,VentilationRequirements,medium,"In a Class 5 office building, what is the primary NCC requirement for ventilation of occupied spaces?",Natural ventilation only via openable windows,Mechanical ventilation in all cases,Either natural or mechanical ventilation to achieve required air changes,No specific requirement for office buildings,2,1,"NCC Section F allows either natural or mechanical ventilation for Class 5 buildings, provided the required air quality and air changes are achieved.",
MCQ-029,mcq,Structure_TiltPanels,TiltPanelErection,hard,"During tilt-up panel erection for a Class 8 warehouse, what is the critical structural consideration before releasing crane lifting strops?",That adjacent panels are already erected,That temporary bracing is installed and adequate to resist wind loads,That permanent roof structure is in place,That floor slab has achieved 28-day strength,1,1,Tilt panels must be adequately braced before releasing crane connections. Temporary bracing must be designed and installed to resist wind and other lateral loads until permanent bracing is in place.,
MCQ-030,mcq,Regs_Inspections,RecordOfInspection,medium,"Under Regulation 173, what information must be included in a record of inspection at a mandatory notification stage?",Only the date and outcome of inspection,"Date, location, elements inspected, outcome, and any non-compliance",The cost estimate for the inspected work,Photos of all inspected elements,1,1,"Regulation 173 requires records of inspection to include date, location, description of elements inspected, the outcome, and details of any non-compliance identified.",
MCQ-031,mcq,NCC_Fire,Sprinklers,medium,Under what circumstances might a sprinkler system allow concessions to other fire safety requirements in NCC Volume One?,Sprinklers never provide concessions,When installed to the appropriate AS standard and where specifically permitted by NCC provisions,Automatically for all Class 5-9 buildings,Only in buildings exceeding 25 metres in height,1,1,"NCC Volume One allows specific concessions where sprinkler systems are installed to appropriate standards (typically AS 2118.1), but only where expressly stated in particular provisions.",
MCQ-032,mcq,Safety_HRW,WorkingAtHeights,medium,What is the hierarchy of controls for managing fall risks when working at heights on a construction site?,"Safety harness, safety nets, edge protection, elimination","Elimination, edge protection, safety nets, safety harness","Training, signage, supervision, physical controls",Safety harness is always the primary control,1,1,"The hierarchy of controls for fall risks is: elimination (avoid work at height), edge protection/guardrails, safety nets, then personal fall arrest systems (harness) as last resort.",
MCQ-033,mcq,Act_Enforcement,DirectionsToFix,medium,"Under the Building Act 1993, if a relevant building surveyor issues a direction to fix non-compliant work, within what timeframe must the builder generally respond?",Immediately,As specified in the direction,Within 7 days,Within 30 days,1,1,"The Building Act allows the RBS to specify the timeframe for compliance in the direction to fix, which must be reasonable given the nature of the non-compliance.",
MCQ-034,mcq,NCC_Egress,ExitSigns,easy,"According to NCC Volume One, where must exit signs be installed in multi-storey commercial buildings?",Only at the final exit to a road or open space,At every doorway in the building,At exits and at points where direction to exits is not obvious,Exit signs are not required if emergency lighting is installed,2,1,NCC requires exit signs at exits and at locations where the direction to an exit is not readily apparent to occupants.,
MCQ-035,mcq,Regs_ProtectionWork,NotificationRequirements,hard,"When protection work is determined to be required under Building Regulations 2018, who must notify adjoining owners?",The builder only,The relevant building surveyor only,Both the builder and the building owner,The municipal council,2,1,Building Regulations 2018 require both the builder and the building owner to inform adjoining owners when protection work is required.,
MCQ-036,mcq,NCC_Services,FireHydrants,medium,For which building classes does NCC Volume One typically require fire hydrant systems?,All Class 2-9 buildings regardless of size,"Buildings based on classification, size, and rise in storeys",Only Class 9a hospitals,Class 5-9 buildings only,1,1,"NCC Section E requires fire hydrant systems based on building classification, floor area, and rise in storeys - not all buildings require them.",
MCQ-037,mcq,Business_FitProper,Registration,medium,What documentation must accompany a Commercial Builder (Medium Rise) registration application to the VBA?,Proof of insurance only,Technical referee reports from registered commercial builders,A list of completed projects only,A business plan,1,1,"VBA registration applications require technical referee reports from currently registered commercial builders in the same or higher class, along with other supporting documentation.",
MCQ-038,mcq,Structure_Slabs,VapourBarriers,medium,"Under NCC Volume One, when is a vapour barrier typically required beneath a concrete floor slab?",In all cases for Class 2-9 buildings,"Never, as concrete is impermeable",When required for moisture control and waterproofing,Only in Class 9a healthcare buildings,2,1,"NCC requires consideration of moisture control, and vapour barriers are required when necessary to prevent moisture transmission that could cause damage or health issues.",
MCQ-039,mcq,Regs_ESM,AnnualReporting,medium,"Under Building Regulations 2018, how frequently must essential safety measures be maintained and reported to the municipal building surveyor?",Monthly,Every 6 months,Annually,Every 2 years,2,1,Essential safety measures must be maintained in accordance with AS 1851 and reported annually to the relevant municipal building surveyor.,
MCQ-040,mcq,NCC_Fire,Atriums,hard,A Class 6 building contains a three-storey atrium. Which NCC sections must the building comply with?,Only Section C Fire Resistance,"Sections C, D, and E only","Sections C, D, E, G, and special atrium provisions",Standard requirements with no special atrium provisions,2,1,"NCC requires buildings with atriums to comply with Sections C (Fire), D (Egress), E (Services), G (Ancillary provisions), and specific atrium provisions regarding smoke control and fire safety.",
MCQ-041,mcq,Act_Permits,PermitApplications,medium,Who may apply for a building permit for commercial building work under the Building Act 1993?,Only the registered commercial builder,The building owner or person entitled to do so,Only the architect,Only the building surveyor,1,1,"Under the Building Act 1993, the building owner or person entitled to apply may submit a building permit application.",
MCQ-042,mcq,Safety_HRW,Scaffolding,medium,"Who is competent to erect, alter or dismantle scaffolding exceeding 4 metres in height?",Any construction worker with basic training,A person holding a scaffolding high risk work license,Only a structural engineer,The site supervisor,1,1,"WorkSafe Victoria requires persons erecting, altering or dismantling scaffolding over 4 metres to hold an appropriate scaffolding high risk work license.",
MCQ-043,mcq,NCC_Egress,DoorSwing,easy,In which direction must a door serving as a required exit generally swing?,Always outward in the direction of egress,Inward if serving less than 50 people,In the direction of egress if serving more than a threshold number of people,"Either direction, at the designer's choice",2,1,NCC requires doors in required exits to swing in the direction of egress when serving areas with occupancy above a threshold (typically 50 people).,
MCQ-044,mcq,Regs_Inspections,FinalInspection,medium,What must occur before a certificate of final inspection can be issued under Building Regulations 2018?,All building work must be complete and compliant,Only structural work must be complete,The builder must vacate the site,Landscaping must be complete,0,1,"A certificate of final inspection can only be issued when all building work is complete and complies with the Act, Regulations, and building permit.",
MCQ-045,mcq,NCC_Fire,NonCombustible,hard,"In a Type A construction building, which building elements must be constructed of non-combustible materials?",Only primary structural members,All building elements except where specific concessions apply,External walls only,Non-combustibility is not required for Type A,1,1,"NCC Type A construction requires building elements to be non-combustible, except where specific concessions in Specification C1.1 allow otherwise.",
MCQ-046,mcq,Structure_Steel,Fireproofing,medium,Structural steel columns in a Type B construction building require fire protection to achieve the specified FRL. What methods are commonly acceptable?,Paint coating only,"Concrete encasement, intumescent coating, or board protection",Steel columns do not require fire protection,Galvanising provides adequate fire protection,1,1,"Common methods for protecting structural steel include concrete encasement, intumescent coatings, or proprietary board systems, tested to achieve the required FRL.",
MCQ-047,mcq,Act_Enforcement,BuildingNotices,medium,What is the primary purpose of a building notice under the Building Act 1993?,To approve building plans,To notify of an inspection requirement,To direct attention to a matter requiring action without formal order,To grant a permit variation,2,1,"Building notices are less formal than building orders and serve to notify parties of matters requiring attention, prior to formal enforcement action.",
MCQ-048,mcq,Regs_Permits,PermitAmendments,medium,"Under Building Regulations 2018, who may approve an amendment to a building permit?",Only the original relevant building surveyor who issued the permit,Any private building surveyor,The relevant building surveyor currently responsible for the permit,Only the municipal building surveyor,2,1,"The relevant building surveyor currently responsible for the permit may approve amendments, even if different from the original issuer.",
MCQ-049,mcq,NCC_Health,SanitaryFacilities,medium,"For a Class 5 office building with 80 occupants, what determines the minimum number of sanitary facilities required?",One toilet per 20 occupants,NCC Table F2.3 based on occupant numbers and gender distribution,Local council requirements only,Two toilets minimum regardless of occupancy,1,1,"NCC Section F, Table F2.3 specifies minimum sanitary facilities based on building classification, occupant numbers, and gender distribution.",
MCQ-050,mcq,Safety_HRW,TrafficManagement,medium,"When construction work affects pedestrian or vehicle traffic on a public road, what is required?",Verbal notification to the council,An approved traffic management plan,Signage only,No specific requirement if work is temporary,1,1,"Work affecting public roads requires an approved traffic management plan prepared by a qualified person, addressing both pedestrian and vehicle safety.",
MCQ-051,mcq,NCC_Fire,FireDoors,medium,Fire doors in fire-isolated exits must be fitted with which of the following as a minimum?,A door closer only,Self-closing device or automatic closing mechanism,Electromagnetic hold-open device in all cases,Manual closing only is acceptable,1,1,NCC requires fire doors to be self-closing or fitted with an automatic closing mechanism activated by smoke detection.,
MCQ-052,mcq,Regs_ESM,OccupancyPermit,medium,Under what circumstances is an occupancy permit required for commercial building work in Victoria?,For all commercial buildings without exception,For new buildings and buildings where classification changes,Only for buildings exceeding three storeys,Occupancy permits are not required for commercial buildings,1,1,"Occupancy permits are required for new buildings and when a building's classification changes, with some specific exemptions outlined in the Regulations.",
MCQ-053,mcq,Business_FitProper,TechnicalReferees,hard,A technical referee for a Commercial Builder (Medium Rise) application must be registered in which class?,Any commercial builder class,Commercial Builder (Medium Rise) or Commercial Builder (Unlimited),Commercial Builder (Unlimited) only,Domestic Builder (Unlimited) is acceptable,1,1,"Technical referees must be registered in the same class or higher than the class being applied for. For Medium Rise, this means Medium Rise or Unlimited commercial builder.",
MCQ-054,mcq,Structure_TiltPanels,PanelDesign,hard,"In tilt-up construction, what critical design consideration ensures panels do not collapse outward during a fire?",Panel thickness only,Adequate connection to roof structure and positive restraint,Use of high-strength concrete,Panels are self-supporting and require no specific consideration,1,1,"NCC addresses tilt-up panel collapse risk by requiring adequate connection and restraint to prevent outward panel collapse during fire, particularly through roof/floor connections.",
MCQ-055,mcq,Act_Permits,RBSTransfer,medium,"Under the Building Act 1993, when can a private building surveyor transfer their functions to another building surveyor?",At any time with notice to the building owner,Never once appointed,Only with consent of the building owner and the Authority,Only if they retire from practice,2,1,Section 80C of the Building Act permits transfer of RBS functions with the consent of the building owner and notification/consent from the VBA.,
MCQ-056,mcq,NCC_Egress,EmergencyLighting,easy,"According to NCC Volume One, where is emergency lighting required?",In all rooms of all buildings,In paths of egress and exits in multi-storey buildings,Only in fire-isolated stairways,Emergency lighting is optional,1,1,"NCC Section E requires emergency lighting in paths of egress, exits, and key areas to ensure safe evacuation during power failure.",
MCQ-057,mcq,Regs_ProtectionWork,SupportWork,hard,"When excavation for a new building is likely to affect the support of an adjoining property, what must the builder do under Building Regulations 2018?",Proceed with standard excavation methods,Carry out protection work as determined by the RBS,Notify the adjoining owner only,Obtain insurance only,1,1,"When excavation may affect adjoining properties, the RBS determines if protection work is required, and the builder must carry out such work as specified.",
MCQ-058,mcq,NCC_Services,SmokeDetection,medium,"In a Class 5 office building, where are smoke detectors typically required?",In every room throughout the building,"In accordance with AS 1670.1, typically in circulation spaces and key areas",Only at exit doors,Smoke detectors are not required in Class 5 buildings,1,1,"NCC requires smoke detection systems in Class 5 buildings to be installed in accordance with AS 1670.1, typically covering circulation spaces, exits, and specific risk areas.",
MCQ-059,mcq,Safety_HRW,Excavation,medium,At what depth does an excavation require edge protection or barriers to prevent falls?,Any depth,Depths exceeding 1.5 metres,Depths exceeding 2 metres,Only when adjacent to public areas,2,1,WorkSafe Victoria requires edge protection for excavations exceeding 2 metres in depth to prevent fall risks to workers and the public.,
MCQ-060,mcq,Act_Enforcement,EmergencyOrders,medium,Under what circumstances can a municipal building surveyor issue an emergency order?,For any permit variation,When a building or part poses immediate danger to safety,To expedite permit approval,For minor non-compliance only,1,1,Emergency orders under the Building Act can be issued when a building or building work poses immediate danger to the safety of persons or property.,
MCQ-061,mcq,NCC_Fire,ExternalWalls,hard,"For a Type A construction building exceeding 25 metres in effective height, what requirements apply to external wall systems?",Any cladding material is acceptable,Must be non-combustible with limited exceptions,Only fire-tested systems complying with AS 5113,Either non-combustible or AS 5113 tested systems,3,1,NCC requires external walls in Type A buildings over 25m to be either non-combustible (with specific exceptions) or use systems tested to AS 5113.,
MCQ-062,mcq,Structure_Slabs,JointDesign,medium,"In large commercial floor slabs, what is the primary purpose of providing control joints?",To save concrete material,To control shrinkage cracking,To improve thermal performance,To allow for building movement only,1,1,Control joints in concrete slabs are designed to control the location of cracking due to shrinkage and thermal movement.,
MCQ-063,mcq,Regs_Inspections,DelegatedInspections,hard,"Under Building Regulations 2018, who may the RBS cause to carry out an inspection at a mandatory notification stage?",Only the RBS personally,A registered building inspector or other prescribed person,Any qualified engineer,The builder's site supervisor,1,1,"Regulation 174 allows the RBS to cause prescribed persons (registered building inspectors, engineers with appropriate expertise) to carry out inspections on their behalf.",
MCQ-064,mcq,Business_FitProper,CorporateRegistration,medium,"For a company to be registered as a Commercial Builder in Victoria, what is required?",At least one director must be a registered commercial builder,The company must be Australian-owned,All directors must be registered builders,Only companies with more than 10 employees can register,0,1,"For corporate registration, at least one director (nominee director) must hold individual registration as a commercial builder in the same class.",
MCQ-065,mcq,NCC_Egress,DisabledAccess,medium,"According to NCC Volume One, what minimum percentage of sanitary facilities in a commercial building must be accessible to people with disabilities?",10 percent,One accessible facility per floor as a minimum,50 percent of all facilities,All facilities must be accessible,1,1,"NCC Part D4 requires at least one accessible sanitary facility on each floor containing sanitary facilities, with additional requirements based on total number of facilities.",
MCQ-066,mcq,Act_Permits,BuildingPermitLevy,easy,Who is responsible for paying the building permit levy when a building permit is issued?,The relevant building surveyor,The building permit applicant,The commercial builder,The municipal council,1,1,The building permit levy is payable by the applicant for the building permit (typically the building owner).,
MCQ-067,mcq,Safety_HRW,ConfinedSpaces,medium,"Before workers enter a confined space on a construction site, what must be prepared?",A confined space entry permit and risk assessment,A notification to WorkSafe only,Standard SWMS are sufficient,No special preparation is required,0,1,"Confined space entry requires a specific entry permit, risk assessment, atmospheric testing, emergency procedures, and appropriately trained workers.",
MCQ-068,mcq,NCC_Fire,ServicePenetrations,hard,"When services penetrate a fire-rated floor in a Class 5 building, what is required?",No special treatment required,Penetrations must be sealed to maintain the FRL,Services cannot penetrate fire-rated elements,Only large penetrations require sealing,1,1,NCC requires service penetrations through fire-rated elements to be sealed with appropriate fire-stopping systems to maintain the FRL of the element.,
MCQ-069,mcq,Regs_ESM,MaintenanceSchedule,medium,What document specifies the maintenance schedule for essential safety measures in a building?,The building permit,The occupancy permit,AS 1851 and the occupancy permit,The commercial builder's warranty,2,1,"The occupancy permit specifies essential safety measures, and AS 1851 provides the maintenance requirements and frequencies for each type of ESM.",
MCQ-070,mcq,Structure_Steel,WeldInspection,medium,"For structural steel connections in a commercial building, what level of weld inspection is typically required?",Visual inspection by the welder only,Inspection by a qualified welding supervisor as specified by the engineer,No inspection is required if certified welders are used,Only final paint inspection is required,1,1,"Structural steel welding requires inspection by qualified personnel as specified by the structural engineer, often including both visual and non-destructive testing for critical connections.",
MCQ-071,mcq,NCC_Health,LightingLevels,medium,What minimum artificial lighting level is required for general circulation spaces in a Class 5 office building?,40 lux,80 lux,160 lux,320 lux,1,1,"NCC Section F references AS 1680 which requires minimum 80 lux for circulation spaces, with higher levels for work areas.",
MCQ-072,mcq,Act_Enforcement,WorksafeNotification,medium,Under what circumstances must construction work be notified to WorkSafe Victoria?,All commercial construction projects,"Projects exceeding $250,000 or involving specific high-risk work",Only when workplace incidents occur,Multi-storey buildings only,1,1,WorkSafe notification is required for construction projects exceeding prescribed cost thresholds or involving specific high-risk construction work.,
MCQ-073,mcq,Regs_Permits,PermitExtensions,medium,Can the commencement or completion dates specified in a building permit be extended?,"No, permits must be re-issued if dates pass","Yes, the RBS may grant extensions before the expiry date",Only the VBA can grant extensions,Extensions are automatic if work has commenced,1,1,Building Regulations allow the RBS to grant extensions to permit commencement or completion dates if applied for before the date passes.,
MCQ-074,mcq,NCC_Fire,HorizontalExits,hard,What is a horizontal exit according to NCC Volume One?,Any doorway on the ground floor,A way from one fire compartment to another providing safety from fire,An external exit door,A corridor longer than 40 metres,1,1,"A horizontal exit provides passage from one fire compartment to another on the same level, providing protection from fire effects without using stairs.",
MCQ-075,mcq,Safety_HRW,PoweredMobileP lant,medium,Who may operate a telescopic materials handler (telehandler) on a construction site?,Any construction worker,A person holding an appropriate high risk work license for the class of equipment,Only the plant owner,The site supervisor only,1,1,"Telehandlers typically require a high risk work license for the appropriate class of powered mobile plant, unless operation meets specific exemption criteria.",
PLAN-001,plan,NCC_Egress,TravelDistance,medium,"On the Level 1 plan of a three-storey Class 6 building, identify and mark the egress path from the most remote point within the retail tenancy to the nearest required exit. Show that your path satisfies the maximum travel distance requirements of NCC Volume One for Class 6 buildings.",,,,,,4,,"The path must: (1) Start from the most remote point in the tenancy, (2) Lead to a required exit (fire-isolated stair or direct exit to open space), (3) Follow a continuous accessible route, (4) Not exceed 40 metres to a choice point then 20 metres to an exit, or 20 metres to a single exit. Award marks for clear path, correct measurement points, and demonstrating understanding of NCC D2D5 travel distance limits for Class 6."
MCQ-076,mcq,Structure_TiltPanels,ConcreteStrength,medium,"Before lifting a tilt-up concrete panel, what minimum concrete strength is typically required?",15 MPa,"The strength specified by the structural engineer, typically 75-80% of design strength",Full 28-day design strength,Any strength if adequate crane capacity,1,1,"Tilt-up panels require the concrete strength specified by the structural engineer before lifting, typically 75-80% of design strength to safely resist lifting stresses.",
MCQ-077,mcq,Regs_Inspections,FrameInspection,medium,At what stage is inspection of structural steel framing typically required?,After all members are erected and before cladding,Only after paint application,Before any members are erected,Inspection is not required for structural steel,0,1,"While not a prescribed mandatory stage, RBS typically require inspection of structural steel framing after erection and before enclosure to verify compliance with engineering drawings.",
MCQ-078,mcq,NCC_Services,FireControlRoom,hard,For which buildings does NCC Volume One require a fire control room?,All Class 5-9 buildings,"Buildings with specific classifications, height, or occupancy thresholds",Only Class 9a hospitals,Fire control rooms are optional,1,1,"NCC Section E requires fire control rooms for buildings meeting specific criteria based on classification, effective height, or occupancy load.",
MCQ-079,mcq,Act_Permits,PermitConditions,medium,Can a relevant building surveyor impose conditions on a building permit beyond the requirements of the Building Regulations?,"No, only prescribed conditions are permitted","Yes, but only conditions reasonably required for compliance","Yes, any conditions the RBS chooses",Only the VBA can impose additional conditions,1,1,"RBS may impose reasonable conditions on building permits that are necessary to ensure compliance with the Act, Regulations, and NCC.",
MCQ-080,mcq,Business_FitProper,Insurance,medium,What insurance must a registered commercial builder hold in Victoria?,Public liability insurance only,Professional indemnity and public liability insurance,No insurance is required for registration,Workers compensation only,1,1,"Registered commercial builders must hold professional indemnity insurance and public liability insurance as conditions of registration, in addition to workers compensation if they employ workers.",
PLAN-002,plan,NCC_Fire,FireIsolatedStairs,hard,"On the typical floor plan of a four-storey Class 5 office building, mark the required fire-isolated stairways serving as exits. Show the minimum FRL rating required for the stairway enclosure walls for Type B construction, and indicate whether any smoke lobbies are required at stairway entries.",,,,,,5,,Award marks for: (1) Correctly identifying that stairways connecting more than one storey in Class 5 must be fire-isolated (2) Showing stair enclosure with appropriate FRL (typically -/60/60 or -/90/90 for Type B) (3) Understanding when smoke lobbies may be required based on building height and class (4) Clear annotation of FRL requirements (5) Demonstration of understanding NCC Parts C3 and D3.
MCQ-081,mcq,NCC_Egress,StairDimensions,medium,"According to NCC Volume One, what is the minimum effective width for a fire-isolated stairway serving as a required exit in a multi-storey office building?",750 millimetres,850 millimetres,1000 millimetres,1200 millimetres,2,1,NCC requires a minimum effective width of 1000mm for fire-isolated stairways serving as required exits in commercial buildings.,
MCQ-082,mcq,Structure_Slabs,PostTensioning,hard,"In post-tensioned concrete slabs, at what stage must cables be stressed?",Immediately after concrete is poured,When concrete achieves the strength specified by the structural engineer,After 28 days in all cases,Stressing sequence is not critical,1,1,"Post-tensioned cables must be stressed when concrete reaches the minimum strength specified by the structural engineer, following the specified stressing sequence.",
MCQ-083,mcq,Safety_HRW,AsbestosAwareness,medium,"Before commencing demolition or renovation of a building constructed before 2004, what must be done regarding asbestos?",Assume no asbestos is present,Conduct an asbestos survey and implement management plan if asbestos is identified,Only test if asbestos is visible,Asbestos regulations only apply to buildings pre-1980,1,1,"Buildings constructed before 2004 may contain asbestos. An asbestos survey must be conducted, and if present, appropriate management and removal procedures must be followed.",
MCQ-084,mcq,Regs_ProtectionWork,Hoarding,medium,When is hoarding or fencing required around a construction site under Building Regulations 2018?,For all commercial construction,When determined necessary by the RBS for public protection,Only for sites exceeding $1 million value,Hoarding is optional,1,1,"The RBS determines when hoarding is required as protection work for public safety, considering the site location, work type, and risks.",
MCQ-085,mcq,NCC_Fire,SmokeExhaustSystems,hard,In which circumstances does NCC Volume One require smoke exhaust or smoke control systems?,All multi-storey buildings,"Based on building classification, fire-isolated exit requirements, and specific features like atriums",Only in buildings exceeding 25 metres,Smoke exhaust is always optional,1,1,"NCC requires smoke exhaust/control systems based on various triggers including building classification, provision of fire-isolated exits, atriums, and specific building features.",
MCQ-086,mcq,Act_Enforcement,VCATReview,medium,"If an applicant is dissatisfied with a decision by the VBA to refuse registration, what is their review option?",Appeal to the Supreme Court,Apply to VCAT for review of the decision,Request reconsideration by VBA only,No review rights exist,1,1,Decisions by the VBA regarding registration can be reviewed by the Victorian Civil and Administrative Tribunal (VCAT).,
MCQ-087,mcq,Regs_Permits,ReportAndConsent,hard,"For a building permit application for work in a flood-prone area, what additional documentation may be required?",Standard documentation only,Report and consent from the relevant floodplain management authority,Insurance documentation only,No additional documentation for flood areas,1,1,"Building Regulations require report and consent from relevant referral authorities for work in flood-prone areas, heritage overlays, or other constrained sites.",
MCQ-088,mcq,NCC_Health,Glazing,medium,"According to NCC Volume One, where must safety glass be used in commercial buildings?",In all windows,"In locations where human impact is likely, as specified in AS 1288",Only in ground floor windows,Safety glass is optional,1,1,"NCC Section F requires safety glazing in locations where human impact is likely, with specific requirements detailed in AS 1288 based on location and risk.",
MCQ-089,mcq,Structure_Steel,BoltTightening,medium,"For structural steel connections using high-strength bolts, what installation method ensures proper bolt tension?",Hand tightening only,Turn-of-nut method or calibrated torque wrench,Impact driver set to maximum,Bolt tension is not critical,1,1,"High-strength structural bolts require proper tensioning using approved methods such as turn-of-nut, calibrated torque wrench, or direct tension indicators.",
MCQ-090,mcq,Business_FitProper,CPDRequirements,easy,Are registered building practitioners in Victoria required to undertake continuing professional development (CPD)?,No CPD is required,"Yes, annual CPD is a condition of registration",Only for building surveyors,CPD is recommended but not mandatory,1,1,Registered building practitioners must complete mandatory CPD annually as a condition of maintaining registration with the VBA.,
PLAN-003,plan,NCC_Fire,FireCompartmentation,hard,"On the floor plan of a Class 5 office building of Type B construction, draw the fire compartment boundaries. The floor area shown is 3500 square metres. Indicate what FRL is required for any fire compartment walls you create, and confirm compliance with NCC maximum compartment sizes.",,,,,,5,,Award marks for: (1) Understanding that Type B Class 5 buildings are limited to 3000m² fire compartments (2) Correctly dividing the 3500m² floor into at least two compartments not exceeding 3000m² each (3) Showing fire compartment walls with appropriate FRL (typically -/60/60 minimum) (4) Correctly identifying locations where walls can create effective compartmentation (5) Reference to NCC Table C2D7.
MCQ-091,mcq,Safety_HRW,ElectricalSafety,medium,"On a construction site, what electrical safety measures are required for temporary power installations?",Standard domestic-type installation,"RCD protection, testing and tagging, and electrical work by licensed electricians",Extension cords are sufficient,No specific requirements for temporary installations,1,1,"Construction sites require RCD protection on all power circuits, regular testing and tagging of equipment, and all electrical work must be performed by licensed electricians.",
MCQ-092,mcq,NCC_Egress,Handrails,medium,"According to NCC Volume One, stairways in commercial buildings serving as required exits must have handrails on:",One side only,Both sides if the stairway width exceeds 1000mm,Both sides regardless of width for required exits,Handrails are optional,2,1,"NCC requires handrails on both sides of stairways serving as required exits in commercial buildings, regardless of stairway width.",
MCQ-093,mcq,Regs_ESM,AS1851Compliance,medium,AS 1851 specifies maintenance requirements for essential safety measures. How often must fire sprinkler systems be tested under this standard?,Monthly,Every 6 months,"Annually, with some components requiring more frequent inspection",Every 5 years,2,1,"AS 1851 requires annual testing of sprinkler systems, though some components (such as alarms and water supplies) require more frequent checks - typically 6-monthly.",
MCQ-094,mcq,Act_Permits,MunicipalVsPrivateRBS,medium,What is the key difference between a municipal building surveyor and a private building surveyor in Victoria?,Municipal surveyors have higher qualifications,Municipal surveyors are council employees; private surveyors are engaged by the permit applicant,Private surveyors can only assess domestic work,There is no functional difference,1,1,Municipal building surveyors are employed by councils and perform statutory functions for the council. Private building surveyors are engaged by applicants and act as the relevant building surveyor for specific permits.,
MCQ-095,mcq,Structure_Slabs,WaterproofMembranes,medium,"In a commercial building podium deck over occupied space, when must a waterproof membrane be installed?",Membranes are optional,When required to prevent water penetration to spaces below,Only in wet areas,"Only for roofs, not podium decks",1,1,"NCC requires waterproof membranes on all surfaces where water penetration could cause damage or health issues, including podium decks over occupied spaces.",
MCQ-096,mcq,NCC_Services,LiftRequirements,medium,"For a four-storey Class 5 office building, under what circumstances does NCC Volume One require passenger lift access?",Lifts are always required in buildings exceeding two storeys,When required for accessible paths of travel under disability access provisions,Lifts are optional in all Class 5 buildings,Only when the building exceeds 25 metres in height,1,1,"NCC Part D4 requires accessible paths of travel to all occupied levels, which typically necessitates lift access in multi-storey commercial buildings.",
MCQ-097,mcq,Safety_HRW,LoadingDocks,medium,What edge protection is required at a loading dock in a Class 8 warehouse?,No edge protection required,Edge protection or dock levellers that prevent falls,Signage only,Lighting is sufficient,1,1,"Loading docks require edge protection (rails/chains) or dock levellers to prevent falls, consistent with both NCC and workplace safety requirements.",
MCQ-098,mcq,Regs_Inspections,SwimmingPoolBarriers,medium,"Under Building Regulations 2018, who may conduct a barrier compliance inspection for a swimming pool?",The builder only,A registered building surveyor or registered building inspector,Any licensed plumber,The pool installer,1,1,Pool barrier inspections must be conducted by registered building surveyors or registered building inspectors with appropriate qualifications.,
MCQ-099,mcq,NCC_Fire,FireWalls,hard,"According to NCC Volume One, what is the primary purpose of a fire wall?",To provide structural support only,To separate buildings or parts of buildings to restrict fire spread,To reduce construction costs,To create architectural features,1,1,"Fire walls are designed to prevent fire spread between buildings or between parts of the same building, with specific FRL and construction requirements.",
MCQ-100,mcq,Act_Enforcement,SectionNotices,medium,"Under Section 37J of the Building Act 1993, what must an authorised person do when issuing a direction to an owner?",Verbal direction is sufficient,Give copies of the direction to the owner and relevant building surveyor,Only notify the owner,Publish the direction publicly,1,1,Section 37J requires that copies of directions be provided to both the owner and the relevant building surveyor to ensure all parties are informed.,
PLAN-004,plan,NCC_Egress,ExitLocations,hard,"On a typical floor plan of a Class 6 retail building, mark the required exit locations. The floor area is 1200m² with multiple tenancies. Show that exits are distributed appropriately and that the distance between alternative exits satisfies NCC requirements.",,,,,,4,,Award marks for: (1) Identifying that at least 2 exits are required (2) Showing exits distributed around the storey perimeter (3) Demonstrating exits are positioned so alternative paths don't converge closer than 6m (4) Understanding NCC D2D6 requirements for exit separation and distribution.
MCQ-101,mcq,Regs_Permits,PerformanceSolutions,hard,"When a performance solution is proposed for building work, what must the relevant building surveyor document under Building Regulations 2018?",Only the approval decision,"The performance requirement addressed, assessment method, expert judgement, and supporting documentation",A simple approval stamp,Performance solutions cannot be documented,1,1,"Regulation 38 requires RBS to document performance requirements met, assessment methods used, expert judgement relied upon, and supporting calculations or tests.",
MCQ-102,mcq,NCC_Fire,FireResistingTimber,medium,Under what circumstances can timber framing be used in a Type B construction building?,Timber cannot be used in Type B,Only if fire-protected to achieve required FRL,When specific concessions apply for low-rise residential buildings,Timber is unrestricted in Type B,2,1,"NCC Specification C1.1 provides specific concessions allowing timber framing in certain low-rise Class 2 and 3 buildings of Type B construction, subject to conditions.",
MCQ-103,mcq,Structure_Slabs,SoilTesting,medium,"Before designing footings for a commercial building, what soil investigation is typically required?",Visual inspection only,Geotechnical investigation and soil classification,No testing if nearby buildings exist,pH testing only,1,1,"Geotechnical investigation determines soil bearing capacity, classification, and other properties essential for footing design in accordance with AS 2870 or engineering requirements.",
MCQ-104,mcq,Safety_HRW,DemolitionPlanning,hard,"Before commencing demolition of a multi-storey commercial building, what documentation must be prepared?",No special documentation required,"Demolition plan complying with AS 2601, including hazard assessment and method statements",Building permit only,Public notification only,1,1,"AS 2601 requires a demolition plan including structural assessment, hazard identification, sequence of work, and safety measures before commencing demolition.",
MCQ-105,mcq,NCC_Services,DisabledFacilities,medium,"In a Class 5 office building, what facilities must be provided for people with disabilities beyond accessible toilets?",Accessible toilets are sufficient,"Accessible paths of travel, parking, entry, and facilities as required by DDA and NCC",Only wheelchair ramps,No additional facilities required,1,1,"NCC Part D4 requires comprehensive accessible features including paths of travel, parking, entries, facilities, signage, and amenities in accordance with the Disability Discrimination Act.",
MCQ-106,mcq,Act_Permits,BuildingWorkDefinition,medium,"Under the Building Act 1993, which of the following is considered building work?",Painting existing walls,Minor repairs not affecting structure,Structural alterations and additions,Cleaning gutters,2,1,"Building work under the Act includes construction, alteration, and structural work, but generally excludes minor repairs, maintenance, and painting.",
PLAN-005,plan,NCC_Services,SmokeDetectorPlacement,medium,"On a typical floor plan of a Class 5 office building, indicate appropriate locations for smoke detectors in accordance with AS 1670.1. Show coverage of corridors, open office areas, and any special detection requirements near fire-isolated stairs.",,,,,,4,,Award marks for: (1) Detector placement in corridors/circulation spaces (2) Understanding coverage areas and spacing requirements (3) Additional detection near stairway entries (4) Demonstrating knowledge that open office areas require coverage based on area and specific hazards.
MCQ-107,mcq,Regs_ProtectionWork,ShoreAndBrace,hard,"When demolishing a party wall shared with an adjoining building, what protection work is typically required?",No protection work needed,Shoring and weatherproofing of the exposed adjoining wall,Notification only,Insurance only,1,1,Demolition of party walls requires shoring of the remaining structure and weatherproofing of the exposed wall to protect the adjoining property.,
MCQ-108,mcq,NCC_Fire,CombustibleCladding,hard,"For buildings of Type A construction exceeding 25 metres, what restrictions apply to the use of combustible materials in external walls?",No combustible materials permitted without exception,Combustible materials prohibited unless tested to AS 5113 or specific NCC concessions apply,Any material is acceptable,Only aluminium composite panels are restricted,1,1,"NCC restricts combustible external wall materials in Type A buildings over 25m, requiring either non-combustible materials or systems tested to AS 5113, with limited specific concessions.",
MCQ-109,mcq,Business_FitProper,RegistrationClasses,medium,"If a Commercial Builder (Medium Rise) wants to also undertake steel erection work, what registration is required?",Medium rise registration covers all commercial work,Additional registration as Commercial Builder (Steel Erection) limited class,No additional registration needed,Only an engineer's certificate is required,1,1,Steel erection is a separate limited class of commercial builder registration and requires additional registration beyond medium rise.,
MCQ-110,mcq,Structure_Steel,ColumnBases,medium,Steel column base plates must be installed with what critical requirement?,Direct placement on concrete,Full bearing on grout bed and proper bolt embedment,Welding to reinforcement only,Adhesive only,1,1,Steel base plates require full bearing support via grouting and proper anchor bolt installation to transfer loads safely to the foundation.,
MCQ-111,mcq,Safety_HRW,NoiseManagement,medium,What noise restrictions typically apply to construction work in commercial areas of Victoria?,No noise restrictions apply,EPA and local council regulations specify permitted hours and noise levels,Noise is only regulated in residential areas,Any hours are acceptable with notification,1,1,"Construction noise is regulated by EPA Victoria and local council regulations, specifying permitted work hours and maximum noise levels even in commercial areas.",
MCQ-112,mcq,Regs_Inspections,ServicePenetrations,hard,Regulation 172 requires inspection of fire penetrations in which building types?,All buildings,"Class 2, 3, 4, 9a, and 9c buildings",Only Class 9a hospitals,Service penetrations do not require inspection,1,1,"Regulation 172(2) mandates inspection of fire protection methods for service penetrations in Class 2, 3, 4, 9a, and 9c buildings.",
MCQ-113,mcq,NCC_Egress,PathLighting,medium,What level of emergency lighting is required in egress paths according to NCC Volume One?,Full working level illumination,Not less than 1 lux horizontal illumination,0.5 lux minimum,Emergency lighting not required in egress paths,1,1,NCC requires emergency lighting in paths of egress to provide not less than 1 lux horizontal illumination at floor level.,
PLAN-006,plan,NCC_Fire,FRLWalls,medium,"On a floor plan showing a Class 5 building adjacent to a Class 6 shop, mark the fire separation wall required between these classifications. Indicate the minimum FRL required and whether any penetrations (doors) are permitted through this wall.",,,,,,4,,Award marks for: (1) Correctly identifying the need for fire separation between different classifications (2) Specifying appropriate FRL based on NCC requirements (typically -/60/60 or higher) (3) Understanding that penetrations require fire doors with appropriate FRL (4) Clear marking of fire-rated wall location.
MCQ-114,mcq,Act_Enforcement,PenaltyUnits,medium,Offences under the Building Act 1993 are typically expressed in penalty units. What is a penalty unit's current value in Victoria?,$92.45,$184.92,$500,It varies by offence type,1,1,"Penalty units are indexed annually. As of 2024-25, one penalty unit in Victoria is $184.92, though this should be verified for current applications.",
MCQ-115,mcq,Regs_ESM,FireExtinguishers,easy,Are portable fire extinguishers classified as essential safety measures under Victorian regulations?,"No, they are optional equipment","Yes, when required by NCC or specified on the occupancy permit",Only in Class 9a buildings,Only if the building has no sprinklers,1,1,"Portable fire extinguishers are ESM when required by NCC or specified on the occupancy permit, requiring maintenance per AS 1851.",
MCQ-116,mcq,Structure_TiltPanels,PanelConnections,hard,What critical structural connection must be completed before removing temporary bracing from tilt-up panels?,Panels can be unbraced immediately after erection,Permanent connections to roof diaphragm and/or adjacent panels,Only painting needs to be complete,Bracing can be removed after 7 days,1,1,Temporary bracing cannot be removed until permanent lateral support connections to roof structure and/or panel-to-panel connections are complete and verified.,
MCQ-117,mcq,NCC_Health,WetAreas,medium,"In a Class 5 office building with shower facilities, what waterproofing requirements apply?",No waterproofing required in commercial buildings,Waterproofing to AS 3740 for wet areas,Paint-on waterproofing only,Grout sealant is sufficient,1,1,"NCC requires wet area waterproofing in all building classes to prevent water damage, installed in accordance with AS 3740.",
MCQ-118,mcq,Safety_HRW,SiteInduction,easy,"Before commencing work on a commercial construction site, what must all workers complete?",Nothing specific is required,Site-specific safety induction,Only supervisors need induction,General construction card only,1,1,"All workers must complete a site-specific safety induction covering hazards, safety procedures, and emergency protocols before commencing work.",
MCQ-119,mcq,Regs_Permits,BuildingInformation,medium,"Under Building Regulations 2018, what building information must the RBS provide to council upon completion of building work?",Building permit only,"Certificate of final inspection, inspection records, and specified documentation",No documentation required for commercial buildings,Photos of the building only,1,1,"Regulation 203 requires RBS to provide council with certificate of final inspection, mandatory inspection records, and other specified documents.",
MCQ-120,mcq,NCC_Fire,SoleOccupancyUnits,medium,"In a Class 5 office building, can individual office tenancies be considered sole-occupancy units?","Yes, all individual offices are sole-occupancy units","No, Class 5 buildings do not have sole-occupancy units",Only if they are separately tenanted and fire separated,Only if they exceed 200m² in area,1,1,"By NCC definition, sole-occupancy units apply primarily to Class 2, 3, and 4 buildings (residential). Class 5 office buildings generally do not contain sole-occupancy units.",
PLAN-007,plan,Structure_Slabs,ExpansionJoints,medium,"On a plan showing a 60m x 40m concrete slab for a Class 8 warehouse, mark the recommended locations for control joints or construction joints. Explain your reasoning based on concrete shrinkage control principles.",,,,,,4,,Award marks for: (1) Understanding that large slabs require joints to control cracking (2) Spacing joints at approximately 5-6m intervals in each direction (3) Creating approximately square panels (4) Demonstrating knowledge of AS 3600 concrete shrinkage control principles.
MCQ-121,mcq,Act_Permits,PermitApplicability,medium,Which of the following works requires a building permit in Victoria?,Repainting external walls,Installing a new HVAC system on the roof,Replacing broken windows with identical units,Replacing damaged floor tiles,1,1,"Installing new building services like HVAC systems typically requires a building permit, while like-for-like replacements and maintenance generally do not.",
MCQ-122,mcq,Business_FitProper,ExternalAdministration,hard,"If an applicant for commercial builder registration was a director of a company that went into external administration, what additional requirement applies?",Automatic refusal of registration,Completion of External Administration Declaration form,No additional requirement,Five year waiting period,1,1,Applicants who were directors of companies in external administration must complete an External Administration Declaration form as part of the fit and proper person assessment.,
MCQ-123,mcq,NCC_Services,FireHoseReels,medium,Are fire hose reels required in Class 5 office buildings under NCC Volume One?,Always required,Required based on building size and specific NCC criteria,Never required in Class 5,Only if the building is not sprinklered,1,1,"NCC Section E specifies when fire hose reels are required in Class 5 buildings based on floor area, occupant numbers, and other factors.",
MCQ-124,mcq,Structure_Steel,Corrosion Protection,medium,"For structural steel in an industrial building exposed to moderate corrosion risk, what protection is typically specified?",No protection required,Paint coating system to AS 2312,Stainless steel only,Galvanising in all cases,1,1,Structural steel corrosion protection typically involves multi-coat paint systems designed to AS 2312 based on the corrosion category and exposure.,
MCQ-125,mcq,Safety_HRW,FallArrestSystems,medium,"When using a personal fall arrest system (harness and lanyard), what is the minimum requirement for the anchor point?",Any structural member,Anchor point rated for 15kN and installed by competent person,Standard scaffold tube,No specific requirement,1,1,"Fall arrest anchor points must be rated for 15kN (minimum), properly installed and certified by a competent person, and used with compatible equipment.",
PLAN-008,plan,NCC_Egress,AccessiblePaths,hard,"On a ground floor plan of a Class 6 retail building, mark an accessible continuous path of travel from the accessible parking space through the entry and to the main retail area. Show ramp locations if level changes occur, and indicate any areas where accessible facilities must be provided.",,,,,,5,,Award marks for: (1) Continuous accessible path from parking to building entry (2) Ramps where required (maximum 1:8 gradient) (3) Doorway widths minimum 850mm clear (4) Path to accessible sanitary facilities (5) Compliance with NCC Part D4 access requirements.
MCQ-126,mcq,Regs_ProtectionWork,AS2601,medium,AS 2601 'The Demolition of Structures' requires what precautions before demolition commences?,Notification only,"Structural assessment, services isolation, hazard identification, and method statement",Insurance only,No specific precautions,1,1,"AS 2601 requires comprehensive pre-demolition assessment including structural stability, services disconnection, hazardous materials identification, and detailed demolition methodology.",
MCQ-127,mcq,NCC_Fire,Lightweight Construction,hard,"In a Class 2 building, lightweight construction fire-resisting elements require what additional consideration?",No additional requirements,Mandatory inspection at each storey under Regulation 172,Double the specified FRL,Can only be used in Type C buildings,1,1,"Regulation 172 requires mandatory inspection of lightweight construction elements required to resist fire spread in each storey of Class 2, 3, and 4 buildings.",
MCQ-128,mcq,Act_Enforcement,ComplianceNotices,medium,Can a building order require demolition of non-compliant building work?,"No, building orders only require repairs","Yes, if work cannot be made compliant by other means",Only the Supreme Court can order demolition,Demolition is never permitted,1,1,"Building orders can require demolition, removal, or rectification of non-compliant work when necessary to achieve compliance with the Act and Regulations.",
MCQ-129,mcq,Regs_ESM,OccupancyPermitDisplay,easy,Where must an occupancy permit be displayed in a commercial building?,It does not need to be displayed,At the approved location specified in regulations (typically near main entry),In the builder's office only,Only provided to the owner,1,1,Occupancy permits must be displayed at the approved location (typically near the main public entrance) where it can be read by the public.,
MCQ-130,mcq,Structure_Slabs,SlabOnGround,medium,"For a concrete slab-on-ground for a Class 8 warehouse with point loads from racking, what design standard typically applies?",No standard required,AS 3600 and AS 2870 for residential slabs,AS 3600 with specific design for point loads and traffic,Only builder's experience,2,1,"Industrial slabs require design to AS 3600 considering specific point loads, traffic patterns, and soil conditions - AS 2870 is primarily for residential.",
MCQ-131,mcq,NCC_Health,StairDimensions,medium,"For a non-required stairway in a Class 5 office building (not serving as an exit), what is the minimum tread depth?",190mm,240mm,280mm,No minimum specified,1,1,"NCC Part D3 requires minimum tread depth of 240mm for stairways in Class 5-9 buildings, whether required exits or not.",
PLAN-009,plan,Safety_HRW,CraneOperatingZone,medium,"On a site plan for a commercial construction project, mark safe crane operating zones, exclusion zones under the crane radius, and any areas requiring overhead protection for pedestrians or adjacent properties.",,,,,,4,,Award marks for: (1) Identifying crane slewing radius and operating zone (2) Marking exclusion zones under hook radius (3) Showing pedestrian protection where crane operates over public areas (4) Understanding site safety planning and AS 2550 crane safety principles.
MCQ-132,mcq,Business_FitProper,RegistrationRenewal,easy,How often must commercial builder registration be renewed in Victoria?,Every year,Every two years,Every five years,Registration is permanent,0,1,"Building practitioner registration in Victoria must be renewed annually, with annual fees and insurance requirements.",
MCQ-133,mcq,NCC_Fire,AlarmSystems,medium,What type of fire alarm system does NCC typically require for a four-storey Class 5 office building?,No alarm required,Domestic smoke alarms only,Fire detection and alarm system to AS 1670.1,Manual call points only,2,1,"Multi-storey Class 5 buildings typically require fire detection and alarm systems designed to AS 1670.1, including smoke detection and alarm provisions.",
MCQ-134,mcq,Act_Permits,PermitCancellation,medium,Under what circumstances can a building permit be cancelled?,At the builder's request at any time,"When obtained by fraud, or on application by the permit holder with RBS approval",Building permits cannot be cancelled once issued,Only by court order,1,1,"Building permits can be cancelled if obtained by fraud or misrepresentation, or on application by the permit holder with RBS approval if work has not substantially commenced.",
MCQ-135,mcq,Safety_HRW,SilicaDust,medium,"When cutting concrete or masonry on a construction site, what control measure is required for silica dust?",No controls required,Water suppression or on-tool extraction and respiratory protection,Ventilation fans only,Dust is only hazardous indoors,1,1,"Crystalline silica dust is a serious health hazard requiring water suppression, on-tool dust extraction, and appropriate respiratory protection when cutting concrete or masonry.",
MCQ-136,mcq,Regs_Inspections,FootingInspection,easy,When must footings be inspected before concrete is poured?,After concrete is poured,When excavation is complete and reinforcement is in place,Inspection is optional for commercial buildings,Only visual inspection by builder required,1,1,"Footing inspection is a prescribed mandatory notification stage - inspection must occur when excavation is complete and reinforcement installed, before pouring concrete.",
PLAN-010,plan,Structure_Slabs,LoadingDockLayout,medium,"On a plan of a Class 8 warehouse, design and mark the loading dock area. Show dock leveller positions, truck maneuvering space, and any fall protection requirements at the dock edge. Include minimum dimensions based on typical semi-trailer access.",,,,,,4,,Award marks for: (1) Adequate truck maneuvering space (minimum 30m approach) (2) Dock leveller positions at appropriate spacing (3) Edge protection or safety barriers at dock edges (4) Understanding practical loading dock layout and safety requirements.
MCQ-137,mcq,NCC_Services,MechanicalVentilation,medium,"In a Class 6 retail building without natural ventilation, what standard governs the mechanical ventilation system design?",No standard applies,AS 1668.2 for mechanical ventilation,AS 3666 for air handling systems only,Local council requirements only,1,1,NCC Section F references AS 1668.2 for the design of mechanical ventilation systems in commercial buildings.,
MCQ-138,mcq,Structure_TiltPanels,PanelJoints,hard,Vertical joints between tilt-up panels typically require what treatment?,No treatment necessary,Sealant or backing rod with appropriate fire and weather rating,Mortar only,Gap is left unfilled,1,1,Panel joints require proper sealing with backing rods and sealants that accommodate movement while providing fire resistance and weatherproofing as required.,
MCQ-139,mcq,Act_Enforcement,ProsecutionTimeframes,hard,What is the general time limit for commencing prosecution for offences under the Building Act 1993?,6 months from the offence,2 years from the offence or 1 year from discovery (whichever is later),No time limit,5 years from the offence,1,1,"Building Act offences generally have a 2-year limitation period from when the offence occurred, or 1 year from when the Authority became aware, whichever is later.",
MCQ-140,mcq,Regs_ESM,AnnualESMReport,medium,Who is responsible for arranging the annual essential safety measures maintenance and submitting the report?,The original builder,The building owner,The occupier or tenant,The municipal building surveyor,1,1,The building owner is responsible for ensuring ESM maintenance is carried out and the annual report is submitted to the municipal building surveyor.,
MCQ-141,mcq,NCC_Fire,RoofConstruction,medium,"In a Type B construction Class 5 building, what fire resistance is typically required for the roof?",90/90/90 FRL in all cases,Depends on roof covering material and separation distance to boundary,No FRL required for roofs,60/60/60 minimum,1,1,"Roof FRL requirements depend on the roof covering material, distance to boundary, and building type - many roofs have reduced or no FRL requirements under NCC concessions.",
PLAN-011,plan,NCC_Health,NaturalLightVentilation,medium,"On a floor plan of a Class 3 boarding house, identify rooms requiring natural light and ventilation. For each habitable room, indicate the minimum window area required as a percentage of floor area according to NCC Volume One.",,,,,,4,,Award marks for: (1) Identifying bedrooms and living areas as habitable rooms (2) Understanding typical 10% natural light requirement (3) Understanding 5% ventilation opening requirement (4) Correct application of NCC Part F health and amenity provisions for Class 3.
MCQ-142,mcq,Safety_HRW,FormworkSafety,medium,"Before removing formwork from concrete structural elements, what must be confirmed?",Minimum 7 days has elapsed,Concrete has achieved the strength specified by engineer and formwork can be safely removed,Weather is suitable only,No specific requirements,1,1,Formwork removal requires confirmation that concrete has achieved adequate strength per engineering specifications and that removal can be safely performed.,
MCQ-143,mcq,Business_FitProper,SupervisionRequirements,hard,Can a Commercial Builder (Medium Rise) supervise multiple concurrent projects?,"No, only one project at a time","Yes, provided adequate supervision is maintained for each project",Only if projects are on adjacent sites,Maximum of two projects,1,1,Registered builders can supervise multiple projects provided they can adequately supervise and be responsible for all work under their registration.,
MCQ-144,mcq,NCC_Egress,Balustrades,medium,"What minimum height is required for balustrades on accessible balconies, landings and stairways in Class 5 buildings?",865mm,1000mm,1200mm,No minimum specified,1,1,NCC requires minimum 1000mm height for balustrades in commercial buildings (Class 5-9) to prevent falls.,
MCQ-145,mcq,Regs_Permits,PermitFees,easy,What fee is payable when a building permit is issued in Victoria?,No fee is required,RBS fee and building permit levy,Council fee only,VBA registration fee only,1,1,Building permits require payment of the RBS fee (to the surveyor) and the building permit levy (percentage of building cost to the State).,
PLAN-012,plan,NCC_Fire,ExitSignage,medium,"On a typical floor plan of a Class 5 office building, mark the locations where exit signs and directional exit signs must be installed in accordance with NCC Volume One requirements. Show signs at exits and at points where the direction to exits is not obvious.",,,,,,4,,Award marks for: (1) Exit signs at all required exits (2) Directional signs at circulation decision points (3) Signs visible from all directions of approach (4) Understanding NCC Part E exit sign requirements.
MCQ-146,mcq,Act_Permits,SiteSurveys,medium,When is a land surveyor's set-out typically required for commercial building construction?,Never required,For all commercial buildings,"When building is near boundaries, requires accurate positioning, or as specified by permit",Only for buildings exceeding 25m height,2,1,"Licensed surveyor set-out is typically required when buildings are close to boundaries, when accurate positioning is critical, or when specified as a permit condition.",
MCQ-147,mcq,Structure_Steel,StructuralDrawings,medium,Structural steel fabrication and erection must be carried out in accordance with what documentation?,Builder's sketches only,"Engineer's drawings and specifications, and AS 4100",Fabricator's standard details,No specific documentation required,1,1,"Structural steel work must comply with the structural engineer's drawings and specifications, designed to AS 4100 for steel structures.",
MCQ-148,mcq,NCC_Services,StormwaterDrainage,medium,How must stormwater be disposed of from a commercial building in Victoria?,To adjoining properties,"To a legal point of discharge (council system, water course, or rainwater tank)",To the street kerb only,No specific requirement,1,1,"NCC and plumbing regulations require stormwater be discharged to a legal point of discharge - council system, natural watercourse, or retained on site.",
MCQ-149,mcq,Safety_HRW,ManualHandling,easy,What is the primary approach to managing manual handling risks on construction sites?,Training workers only,Eliminating or minimizing manual handling through mechanical aids and work design,Back support belts,Warning signs,1,1,"The hierarchy of controls for manual handling prioritizes eliminating manual handling or using mechanical aids (cranes, forklifts, trolleys) over relying on worker technique.",
MCQ-150,mcq,Regs_ProtectionWork,FootpathProtection,medium,"When construction work affects a public footpath, what protection measures are typically required?",Warning signs only,"Hoarding, overhead protection if required, and safe pedestrian access",Work must not affect footpaths,Notification only,1,1,"Work affecting public footpaths requires appropriate hoarding, overhead protection for falling objects, maintained pedestrian access, and compliance with council permits.",
PLAN-013,plan,Structure_TiltPanels,PanelBracingPlan,hard,"On a plan showing 10 tilt-up panels around a warehouse perimeter, mark temporary bracing positions for each panel. Show bracing angles (typically 30-60 degrees from horizontal), and indicate the sequence of bracing installation.",,,,,,5,,Award marks for: (1) Bracing on both sides of panels at appropriate angles (2) Understanding that bracing must resist wind loads from any direction (3) Showing adequate foundation or deadman anchors for braces (4) Logical bracing sequence (5) Demonstrating knowledge of tilt-up construction safety.
MCQ-151,mcq,NCC_Fire,BurningOffProtection,medium,"In bushfire-prone areas, what additional requirements apply to commercial buildings?",No additional requirements for commercial buildings,Construction to relevant bushfire attack level (BAL) with ember and radiant heat protection,Fire extinguishers only,Bushfire requirements only apply to dwellings,1,1,"Commercial buildings in designated bushfire areas must be constructed to the applicable BAL rating, providing protection from ember attack, radiant heat, and flame contact.",
MCQ-152,mcq,Act_Enforcement,BuildingInspectors,medium,Who may be appointed as an authorised person to investigate building matters under the Building Act 1993?,Any police officer,"Municipal building surveyors, VBA inspectors, and other authorised officers",Only VBA employees,Private building surveyors cannot be authorised persons,1,1,"The Building Act allows appointment of municipal building surveyors, VBA officers, and other qualified persons as authorised persons for investigation and enforcement.",
MCQ-153,mcq,Business_FitProper,NomineeDirector,medium,What is a nominee director in the context of corporate building practitioner registration?,Any company director,A director who holds building practitioner registration and enables the company to be registered,A director appointed by the VBA,An external consultant,1,1,"A nominee director is a company director who holds individual building practitioner registration, enabling the company to be registered in that class.",
MCQ-154,mcq,Regs_Inspections,PrivateInspectors,hard,"When an RBS engages a private inspector to conduct mandatory inspections, who remains responsible for the inspection?",The private inspector assumes all responsibility,The RBS remains responsible,Responsibility is shared equally,The builder becomes responsible,1,1,"When an RBS delegates inspection to another person, the RBS remains responsible for ensuring proper inspection and compliance verification.",
MCQ-155,mcq,NCC_Health,RoomHeights,easy,What is the minimum ceiling height for habitable rooms in commercial buildings under NCC?,2.1 metres,2.4 metres,2.7 metres,No minimum for commercial,1,1,NCC Section F requires minimum ceiling height of 2.4 metres for habitable rooms in most commercial buildings.,
PLAN-014,plan,Safety_HRW,ScaffoldLayout,medium,"On an elevation of a three-storey commercial building, show the scaffold layout including working platforms at each level, edge protection, access ladders, and toe boards. Indicate typical bay dimensions.",,,,,,4,,Award marks for: (1) Working platforms at each level (2) Edge protection (guardrails and toe boards) (3) Safe access provisions (internal ladders or stairs) (4) Understanding AS 1576 scaffolding standards and safety requirements.
MCQ-156,mcq,Structure_Slabs,SlabCuring,medium,What is the primary purpose of concrete curing after slab placement?,To speed up construction,To maintain moisture and temperature for proper strength development,To achieve surface finish only,Curing is optional,1,1,"Proper curing maintains moisture and suitable temperature for hydration, enabling concrete to achieve specified strength and durability per AS 3600.",
MCQ-157,mcq,NCC_Services,AccessibleLifts,medium,What features must an accessible lift provide in a multi-storey Class 5 building?,Standard lift is sufficient,"Minimum dimensions, tactile and audible indicators, suitable controls, and compliance with AS 1735.12",Only larger cab size required,Accessible lifts not required in Class 5,1,1,"Accessible lifts must comply with AS 1735.12, providing appropriate dimensions, controls, indicators, and features for people with disabilities.",
MCQ-158,mcq,Safety_HRW,IncidentReporting,medium,When must a notifiable incident on a construction site be reported to WorkSafe Victoria?,Within 24 hours,"Immediately by fastest means, then in writing within 48 hours",At the end of the week,Only if requested by WorkSafe,1,1,"Notifiable incidents (death, serious injury, dangerous occurrence) must be reported to WorkSafe immediately by phone, then in writing within 48 hours.",
PLAN-015,plan,NCC_Fire,SmokeControlZones,hard,"On a typical floor plan of a four-storey Class 5 building with a central atrium, mark smoke control zones and show where smoke detection and exhaust systems would be required. Indicate any smoke barriers or curtains needed.",,,,,,5,,Award marks for: (1) Understanding atrium smoke control requirements (2) Smoke detection around atrium perimeter (3) Smoke exhaust or control system provisions (4) Smoke barriers limiting spread (5) Application of NCC atrium provisions and AS 1668.1.
MCQ-159,mcq,Act_Permits,PlanningPermits,medium,What is the relationship between planning permits and building permits in Victoria?,They are the same thing,Planning permit addresses land use; building permit addresses construction compliance,Only planning permits are required,Building permits replace planning permits,1,1,"Planning permits (issued by councils) address land use and development, while building permits address compliance of construction with Building Act and NCC. Both may be required.",
MCQ-160,mcq,Regs_ESM,MaintenanceDetermination,medium,How are essential safety measures determined for a new commercial building?,By the builder's choice,Specified on the occupancy permit based on NCC requirements and building design,By council preference only,No formal determination process,1,1,"Essential safety measures are determined based on NCC requirements and building design, then specified on the occupancy permit issued by the RBS.",
PLAN-016,plan,NCC_Egress,SmokeLobbies,hard,"On a typical floor plan of a Class 9a healthcare building, show where smoke lobbies are required at fire-isolated stairway entries. Mark the minimum dimensions for each smoke lobby and indicate the required FRL for lobby walls.",,,,,,5,,Award marks for: (1) Identifying smoke lobby requirement at stairway entries (2) Minimum 6m² area for each lobby (3) Appropriate FRL for lobby walls (typically 60/60/--) (4) Understanding lobby function and NCC Part D3 requirements (5) Correct placement between occupied spaces and stairways.
PLAN-017,plan,Structure_Slabs,SetDownAreas,medium,"On a floor plan showing bathroom facilities in a Class 5 office building, mark where floor level set-downs are required for waterproofing. Indicate typical set-down depth and show where floor waste locations should be positioned.",,,,,,4,,Award marks for: (1) Set-down at shower areas (typically 20-50mm) (2) Floor waste positioning in wet areas (3) Understanding waterproofing requirements per AS 3740 (4) Graded falls to waste (minimum 1:100).
PLAN-018,plan,NCC_Fire,FireHydrantCoverage,hard,"On a floor plan of a Class 8 warehouse (2500m² floor area), mark the locations where fire hydrants and hose reels must be installed to achieve required coverage. Show 4m hose reel coverage and maximum distance to all points.",,,,,,5,,Award marks for: (1) Understanding NCC requirements for hydrant/hose reel installation based on building class and area (2) Showing 4m coverage radius for hose reels (3) Hydrant locations at appropriate spacing (4) Coverage of all floor areas (5) Reference to AS 2419.1 for hydrants.
PLAN-019,plan,Safety_HRW,SiteSetout,medium,"On a site plan for a commercial construction project, mark site access gates, material storage areas, site office location, toilet facilities, and pedestrian exclusion zones. Show safe separation from public areas.",,,,,,4,,"Award marks for: (1) Site access separated from public areas (2) Material storage away from boundaries (3) Amenities (toilets, office) easily accessible (4) Fencing/hoarding separating construction from public areas."
PLAN-020,plan,NCC_Egress,ExitWidthAllocation,hard,"For a Class 6 retail floor with an occupant load of 300 people, calculate and show the required aggregate exit width. Mark three exit locations on the plan and allocate width to each exit, ensuring compliance with minimum individual exit widths.",,,,,,5,,Award marks for: (1) Calculating required aggregate width (approximately 3000mm for 300 people) (2) Distributing width across multiple exits (3) Each exit meeting minimum width (typically 1000mm) (4) Exits appropriately distributed (5) Understanding NCC Part D egress width calculations.
PLAN-021,plan,NCC_Fire,NonCombustibleZones,medium,"On a plan showing external walls of a Type A construction building within 3 metres of a boundary, mark zones where non-combustible external wall construction is required. Indicate any fire windows or spandrel requirements.",,,,,,4,,Award marks for: (1) Identifying external walls within 3m of boundary (2) Understanding non-combustible requirements for Type A (3) Showing limited openings in walls near boundaries (4) Understanding NCC fire separation requirements based on distance to boundary.
PLAN-022,plan,Structure_Steel,SteelFramingLayout,medium,"On a structural plan for a Class 8 warehouse, show a typical steel portal frame layout. Indicate column positions, spacing between frames, and mark locations where cross-bracing would be required for lateral stability.",,,,,,4,,Award marks for: (1) Regular portal frame spacing (typically 6-8m) (2) Column positions aligned on grid (3) Understanding need for bracing bays (4) Showing bracing locations at ends and at intervals along building.
PLAN-023,plan,NCC_Health,AccessibleParking,medium,"On a car park layout for a Class 6 shopping center with 80 parking spaces, mark the required number and location of accessible parking spaces. Show dimensions, access aisles, and the accessible path to the building entry.",,,,,,4,,"Award marks for: (1) Correct number of accessible spaces (typically 1 per 50 spaces for first 100, then 1 per 100) (2) Spaces closest to accessible building entry (3) Shared access aisle (min 2.4m wide) (4) Continuous accessible path to entry."
PLAN-024,plan,NCC_Services,MechanicalServicesRoofLayout,medium,"On a roof plan for a Class 5 office building, show locations for mechanical plant equipment including cooling towers, air handling units, and exhaust fans. Indicate access requirements for maintenance and any acoustic screening needed.",,,,,,4,,"Award marks for: (1) Plant location away from noise-sensitive areas where possible (2) Safe access for maintenance (walkways, guardrails) (3) Consideration of acoustic screening (4) Adequate clearances around equipment."
PLAN-025,plan,Structure_TiltPanels,PanelConnectionDetails,hard,"On a detail plan, show typical connection details between tilt-up panels and roof structure. Indicate welded connections, bolt positions, and any seismic restraint requirements. Mark critical inspection points.",,,,,,5,,Award marks for: (1) Panel top connection to roof structure (typically via embedded plates) (2) Understanding connection must transfer lateral loads (3) Showing both panel-to-structure and panel-to-panel connections (4) Critical inspection points before permanent connection (5) Structural adequacy of connection details.
PLAN-026,plan,NCC_Fire,FireIsolatedShafts,medium,"On a multi-storey floor plan, mark all required fire-isolated shafts including stairways, lifts, and service shafts. Show the FRL required for shaft walls and indicate where fire-rated access doors are required.",,,,,,4,,"Award marks for: (1) Identifying all required shafts (stairs, lifts, services) (2) Showing appropriate shaft enclosure FRL (3) Fire-rated access doors where shafts are accessed (4) Understanding NCC Part C requirements for shaft fire isolation."
PLAN-027,plan,Safety_HRW,ConcreteWorkZones,medium,"On a slab plan during concrete pour operations, mark exclusion zones, concrete truck access routes, concrete pump location, and areas requiring edge protection. Show safe working zones for workers.",,,,,,4,,Award marks for: (1) Concrete truck access and maneuvering (2) Pump location with stable outrigger setup (3) Exclusion zones under boom radius (4) Edge protection at slab edges and penetrations.
PLAN-028,plan,NCC_Egress,TravelDistanceCalculation,hard,"On a complex floor plan of a Class 5 building with corridors and multiple tenancies, measure and mark the travel distance from the most remote point in each tenancy to the nearest exit. Verify compliance with NCC maximum distances.",,,,,,5,,Award marks for: (1) Identifying most remote points in each area (2) Following actual path of travel (not straight-line) (3) Correct measurement to exits or choice points (4) Demonstrating all areas comply with 20m/40m rules (5) Clear documentation of distances.
PLAN-029,plan,NCC_Health,WetAreaLayout,medium,"On a plan showing accessible sanitary facilities in a Class 5 building, show the required layout including accessible toilet dimensions, grab rail positions, basin height, and clear circulation space for wheelchair access.",,,,,,4,,Award marks for: (1) Minimum 1.6m x 2.2m accessible toilet compartment (2) Grab rail positions per AS 1428.1 (3) Adequate circulation space for wheelchair turning (4) Basin and fixture heights per accessibility standards.
PLAN-030,plan,Structure_Slabs,ReinforcementLayout,hard,"On a reinforced concrete suspended slab plan for a Class 5 building, show typical reinforcement layout including main bars, distribution bars, starter bars at columns, and additional reinforcement at openings. Indicate typical spacing.",,,,,,5,,Award marks for: (1) Main reinforcement in both directions (2) Appropriate spacing per structural design (3) Additional bars around penetrations (4) Starter bars at column connections (5) Understanding AS 3600 reinforcement detailing requirements.
PLAN-031,plan,NCC_Fire,SpacingToBoundary,medium,"On a site plan showing a Class 6 building 2 metres from the side boundary, indicate what fire resistance is required for the external wall. Show any restrictions on openings (windows, doors) in this wall.",,,,,,4,,Award marks for: (1) Understanding fire resistance requirements based on distance to boundary (2) Limited or no openings when closer than 3m to boundary (3) Appropriate FRL for external wall (4) Reference to NCC boundary fire protection provisions.
PLAN-032,plan,NCC_Services,DisabledAccessRoutes,medium,"On a multi-level retail plan (Class 6), show accessible paths of travel from the entry to all public areas on two levels. Indicate where ramps, lifts, or platform lifts are required, and show compliant gradients.",,,,,,4,,Award marks for: (1) Continuous accessible paths to all public areas (2) Ramp gradients not exceeding 1:8 (3) Lift or platform lift connecting levels (4) Minimum 1000mm width for accessible paths.
PLAN-033,plan,Safety_HRW,TemporaryWorks,hard,"On a section through an excavation for basement construction, show temporary shoring or retention system required for 4m deep excavation adjacent to an existing building. Indicate monitoring points for adjacent structure.",,,,,,5,,"Award marks for: (1) Appropriate retention system (soldier piles, sheet piling, etc.) (2) Adequate design for 4m depth and lateral loads (3) Protection of adjacent building (4) Monitoring points on existing structure (5) Understanding temporary works engineering requirements."
PLAN-034,plan,NCC_Fire,FireDoorLocations,medium,"On a floor plan showing fire compartment walls and fire-isolated stairs in a Class 5 building, mark all locations where fire doors are required. Indicate whether doors should be self-closing or automatic closing.",,,,,,4,,Award marks for: (1) Fire doors at all penetrations of fire-rated walls (2) Fire doors at stairway entries (3) Understanding self-closing requirements (4) Appropriate FRL ratings for doors matching walls.
PLAN-035,plan,Structure_Steel,ExpansionJoints,hard,"On a plan of a large Class 8 warehouse building 100m long, show where structural expansion joints should be located in the steel framing. Indicate typical joint details and spacing between joints.",,,,,,5,,Award marks for: (1) Expansion joints at appropriate intervals (typically 40-80m) (2) Understanding thermal movement requirements (3) Joints allowing independent movement (4) Coordination with roof and wall systems (5) Structural engineering principles for long buildings.
PLAN-036,plan,NCC_Egress,AssemblyEgress,hard,"For a Class 9b assembly building (theater) with 400 seat capacity, calculate and show the required number of exits and their locations. Demonstrate compliance with NCC travel distance and exit distribution requirements for places of public assembly.",,,,,,5,,Award marks for: (1) Minimum number of exits based on occupancy (typically 4 exits for 400 people) (2) Exit distribution around perimeter (3) Travel distance compliance (typically 20m maximum for Class 9b) (4) Aggregate exit width calculation (5) Understanding special egress requirements for assembly buildings.
PLAN-037,plan,NCC_Health,VentilationDesign,medium,"On a floor plan of a Class 6 retail building with deep tenancies lacking external walls, show how mechanical ventilation can be provided. Indicate ductwork zones, air handling unit locations, and required air changes.",,,,,,4,,Award marks for: (1) Central or distributed AHU locations (2) Supply and return air ductwork distribution (3) Understanding AS 1668.2 ventilation requirements (4) Adequate air changes for retail occupancy.
PLAN-038,plan,Structure_TiltPanels,PanelLayoutOptimization,hard,"On a warehouse plan 60m x 40m, design an efficient tilt-up panel layout. Show panel sizes, locations, pour areas on slab, and indicate where panels will be lifted and tilted into position. Consider practical panel sizes and crane reach.",,,,,,5,,"Award marks for: (1) Practical panel sizes (typically 3-4m wide, not exceeding 7-8m high) (2) Panels poured on slab in logical sequence (3) Adequate space for tilting (4) Crane positioning and reach considerations (5) Understanding practical tilt-up construction methodology."
PLAN-039,plan,Safety_HRW,RoofWorkSafety,medium,"On a roof plan for a commercial building under construction, show fall protection systems required for roof work. Indicate perimeter edge protection, safety mesh or catch platforms, and any anchor points for personal fall arrest systems.",,,,,,4,,Award marks for: (1) Perimeter edge protection (guardrails) (2) Safety mesh at purlin level during sheeting (3) Anchor points for harnesses where edge protection not feasible (4) Understanding hierarchy of fall protection controls.
PLAN-040,plan,NCC_Fire,MultipleBuildingFireSeparation,hard,"On a site plan showing two separate Class 5 buildings on one allotment, 8 metres apart, indicate what fire separation requirements (if any) apply between the buildings. Show any required FRL for facing walls and restrictions on openings.",,,,,,5,,"Award marks for: (1) Understanding buildings on same allotment may be treated as united or separate (2) If treated separately, fire separation based on distance (3) Understanding reduced FRL and opening restrictions for buildings 6m+ apart (4) Correct application of NCC boundary fire provisions (5) Understanding fire wall requirements if buildings are united."
